{
  "cv_results": {
    "baseline_mean": {
      "MAE_mean": 20.53828284069168,
      "MAE_std": 0.5244857637005712,
      "RMSE_mean": 23.635644172150542,
      "RMSE_std": 0.47538638339912814,
      "R2_mean": -0.001927093590223161,
      "R2_std": 0.0029704205341227322
    },
    "linear_regression": {
      "MAE_mean": 20.74733814912684,
      "MAE_std": 0.5337555973193491,
      "RMSE_mean": 24.148181465059825,
      "RMSE_std": 0.4322724625259226,
      "R2_mean": -0.04612832586389811,
      "R2_std": 0.019900007694781945
    },
    "random_forest": {
      "MAE_mean": 20.700866515837102,
      "MAE_std": 0.4804556174351354,
      "RMSE_mean": 24.057008034785305,
      "RMSE_std": 0.4086110069483137,
      "R2_mean": -0.038151216187391014,
      "R2_std": 0.011630348773840928
    },
    "gradient_boosting": {
      "MAE_mean": 20.72067932445745,
      "MAE_std": 0.5342485088800414,
      "RMSE_mean": 24.024764498569844,
      "RMSE_std": 0.433782322498059,
      "R2_mean": -0.03534019580909564,
      "R2_std": 0.012272971606080608
    },
    "TEST@baseline_mean": {
      "MAE": 20.98568124685772,
      "RMSE": 23.97562927197511,
      "R2": -0.005979602920803684
    }
  },
  "best_model": "baseline_mean",
  "features": {
    "note": "'OneHotEncoder' object has no attribute 'feature_names_in_'"
  }
}